name,age,experience,score
Alice,23.0,1.0,85.0
Bob,24.571428571428573,2.0,90.0
Charlie,22.0,2.4285714285714284,78.0
David,24.0,1.0,63.25
Eve,24.571428571428573,3.0,88.0
Rashmi,25.0,2.4285714285714284,10.0
Tanu,27.0,2.0,15.0
Sumit,28.0,4.0,63.25
Siddhart,23.0,4.0,50.0
Pulkit,24.571428571428573,2.4285714285714284,90.0
