,name,age,experience,score,experience level
0,Alice,23.0,1.0,85.0,Junior
1,Bob,24.571428571428573,2.0,90.0,Senior
2,Charlie,22.0,2.4285714285714284,78.0,Senior
3,David,24.0,1.0,63.25,Junior
4,Eve,24.571428571428573,3.0,88.0,Senior
5,Rashmi,25.0,2.4285714285714284,10.0,Senior
6,Tanu,27.0,2.0,15.0,Senior
7,Sumit,28.0,4.0,63.25,Senior
8,Siddhart,23.0,4.0,50.0,Senior
9,Pulkit,24.571428571428573,2.4285714285714284,90.0,Senior
